-- MySQL dump 10.13  Distrib 5.7.29, for Linux (x86_64)
--
-- Host: localhost    Database: projeto
-- ------------------------------------------------------
-- Server version	5.7.29

/*!40101 SET @OLD_CHARACTER_SET_CLIENT=@@CHARACTER_SET_CLIENT */;
/*!40101 SET @OLD_CHARACTER_SET_RESULTS=@@CHARACTER_SET_RESULTS */;
/*!40101 SET @OLD_COLLATION_CONNECTION=@@COLLATION_CONNECTION */;
/*!40101 SET NAMES utf8 */;
/*!40103 SET @OLD_TIME_ZONE=@@TIME_ZONE */;
/*!40103 SET TIME_ZONE='+00:00' */;
/*!40014 SET @OLD_UNIQUE_CHECKS=@@UNIQUE_CHECKS, UNIQUE_CHECKS=0 */;
/*!40014 SET @OLD_FOREIGN_KEY_CHECKS=@@FOREIGN_KEY_CHECKS, FOREIGN_KEY_CHECKS=0 */;
/*!40101 SET @OLD_SQL_MODE=@@SQL_MODE, SQL_MODE='NO_AUTO_VALUE_ON_ZERO' */;
/*!40111 SET @OLD_SQL_NOTES=@@SQL_NOTES, SQL_NOTES=0 */;

--
-- Table structure for table `produto`
--

DROP TABLE IF EXISTS `produto`;
/*!40101 SET @saved_cs_client     = @@character_set_client */;
/*!40101 SET character_set_client = utf8 */;
CREATE TABLE `produto` (
  `id` int(11) NOT NULL AUTO_INCREMENT,
  `nome` varchar(100) NOT NULL,
  `descricao` varchar(500) NOT NULL,
  `tipo` varchar(50) NOT NULL,
  `preco` decimal(5,2) NOT NULL,
  PRIMARY KEY (`id`)
) ENGINE=InnoDB AUTO_INCREMENT=7 DEFAULT CHARSET=latin1;
/*!40101 SET character_set_client = @saved_cs_client */;

--
-- Dumping data for table `produto`
--

LOCK TABLES `produto` WRITE;
/*!40000 ALTER TABLE `produto` DISABLE KEYS */;
INSERT INTO `produto` VALUES (1,'Pão','Pão de forma','comida',0.45),(6,'PC','Computador pessoal','eletronico',499.35);
/*!40000 ALTER TABLE `produto` ENABLE KEYS */;
UNLOCK TABLES;

--
-- Table structure for table `produto_usuario`
--

DROP TABLE IF EXISTS `produto_usuario`;
/*!40101 SET @saved_cs_client     = @@character_set_client */;
/*!40101 SET character_set_client = utf8 */;
CREATE TABLE `produto_usuario` (
  `usuario_id` int(11) NOT NULL,
  `produto_id` int(11) NOT NULL,
  KEY `fk_usuario_1` (`usuario_id`),
  KEY `fk_produto_1` (`produto_id`),
  CONSTRAINT `fk_produto_1` FOREIGN KEY (`produto_id`) REFERENCES `produto` (`id`),
  CONSTRAINT `fk_usuario_1` FOREIGN KEY (`usuario_id`) REFERENCES `usuario` (`id`)
) ENGINE=InnoDB DEFAULT CHARSET=latin1;
/*!40101 SET character_set_client = @saved_cs_client */;

--
-- Dumping data for table `produto_usuario`
--

LOCK TABLES `produto_usuario` WRITE;
/*!40000 ALTER TABLE `produto_usuario` DISABLE KEYS */;
INSERT INTO `produto_usuario` VALUES (3,1),(3,1),(3,6),(4,1),(4,6);
/*!40000 ALTER TABLE `produto_usuario` ENABLE KEYS */;
UNLOCK TABLES;

--
-- Table structure for table `usuario`
--

DROP TABLE IF EXISTS `usuario`;
/*!40101 SET @saved_cs_client     = @@character_set_client */;
/*!40101 SET character_set_client = utf8 */;
CREATE TABLE `usuario` (
  `id` int(11) NOT NULL AUTO_INCREMENT,
  `username` varchar(50) NOT NULL,
  `nome` varchar(150) NOT NULL,
  `senha` varchar(255) NOT NULL,
  `data_criacao` datetime NOT NULL DEFAULT CURRENT_TIMESTAMP,
  `ultimo_login` datetime DEFAULT NULL,
  `email` varchar(200) DEFAULT NULL,
  PRIMARY KEY (`id`)
) ENGINE=InnoDB AUTO_INCREMENT=5 DEFAULT CHARSET=latin1;
/*!40101 SET character_set_client = @saved_cs_client */;

--
-- Dumping data for table `usuario`
--

LOCK TABLES `usuario` WRITE;
/*!40000 ALTER TABLE `usuario` DISABLE KEYS */;
INSERT INTO `usuario` VALUES (1,'?','?','?','2020-01-29 21:57:42','2020-01-31 20:43:15',NULL),(3,'cportela','Caique Portela','$2y$10$FhzhNMuL658IWY1EVJoAsO25Ob8OUfcasXi9AgMaH9VmtBdW9B5dK','2020-01-29 22:02:38','2020-01-31 21:22:13','caique.portela@4linux.com.br'),(4,'teste','Testando','$2y$10$nRYVBAyBL6AFiF20sSuBrOjN9iFnGLnXhLpogVZngVdppDxvM9BYG','2020-01-31 22:02:52','2020-01-31 22:02:56',NULL);
/*!40000 ALTER TABLE `usuario` ENABLE KEYS */;
UNLOCK TABLES;
/*!40103 SET TIME_ZONE=@OLD_TIME_ZONE */;

/*!40101 SET SQL_MODE=@OLD_SQL_MODE */;
/*!40014 SET FOREIGN_KEY_CHECKS=@OLD_FOREIGN_KEY_CHECKS */;
/*!40014 SET UNIQUE_CHECKS=@OLD_UNIQUE_CHECKS */;
/*!40101 SET CHARACTER_SET_CLIENT=@OLD_CHARACTER_SET_CLIENT */;
/*!40101 SET CHARACTER_SET_RESULTS=@OLD_CHARACTER_SET_RESULTS */;
/*!40101 SET COLLATION_CONNECTION=@OLD_COLLATION_CONNECTION */;
/*!40111 SET SQL_NOTES=@OLD_SQL_NOTES */;

-- Dump completed on 2020-01-31 22:17:20
